item_code,model_name,item_category,phase_in_at,vertical_name,sku
101.00313,On-T,Apparel,2021-08-19T00:00:00Z,Performance All Day,On-T M Mulberry
101.00090,On-T,Apparel,2021-10-14T00:00:00Z,Performance All Day,On-T M Olive
201.00266,On-T,Apparel,2021-02-11T00:00:00Z,Performance All Day,On-T W Mineral
201.00268,On-T,Apparel,2021-02-11T00:00:00Z,Performance All Day,On-T W Navy
201.00267,On-T,Apparel,2021-08-19T00:00:00Z,Performance All Day,On-T W Mulberry
201.00397,On-T,Apparel,2021-02-11T00:00:00Z,Performance All Day,On-T W Black
161.00409,On-T,Apparel,2022-02-03T00:00:00Z,Performance All Day,On-T M White
161.00410,On-T,Apparel,2022-02-03T00:00:00Z,Performance All Day,On-T M Black
161.00411,On-T,Apparel,2022-03-03T00:00:00Z,Performance All Day,On-T M Olive
161.00412,On-T,Apparel,2022-03-03T00:00:00Z,Performance All Day,On-T M Surf
261.00413,On-T,Apparel,2022-02-03T00:00:00Z,Performance All Day,On-T W Black
261.00414,On-T,Apparel,2022-02-03T00:00:00Z,Performance All Day,On-T W White
261.00415,On-T,Apparel,2022-03-03T00:00:00Z,Performance All Day,On-T W Fiji
413.01254,On-T,Apparel,2022-04-28T00:00:00Z,Performance All Day,On-T 3 M White
413.01255,On-T,Apparel,2022-04-28T00:00:00Z,Performance All Day,On-T 3 M Black
403.01247,On-T,Apparel,2022-04-28T00:00:00Z,Performance All Day,On-T 3 W Black
403.01248,On-T,Apparel,2022-04-28T00:00:00Z,Performance All Day,On-T 3 W White
19.99195,Cloud,Shoes,2021-06-29T00:00:00Z,Performance All Day,Cloud M Zinc | White
19.99196,Cloud,Shoes,2021-06-29T00:00:00Z,Performance All Day,Cloud M Ox | White
19.99198,Cloud,Shoes,2021-06-29T00:00:00Z,Performance All Day,Cloud M Lead | Black
19.99193,Cloud,Shoes,2021-06-29T00:00:00Z,Performance All Day,Cloud W Ruby | White
19.99194,Cloud,Shoes,2021-06-29T00:00:00Z,Performance All Day,Cloud W Glacier | White
19.99197,Cloud,Shoes,2021-06-29T00:00:00Z,Performance All Day,Cloud W Tide | Magnet
59.98986,Cloud 5,Shoes,2022-02-03T00:00:00Z,Performance All Day,Cloud 5 M All Black
59.98986, Cloud 5,Shoes,2022-02-03T00:00:00Z,Performance All Day,Cloud 5 M All Black
59.98919,Cloud 5,Shoes,2022-02-03T00:00:00Z,Performance All Day,Cloud 5 M Black | White
59.98919, Cloud 5,Shoes,2022-02-03T00:00:00Z,Performance All Day,Cloud 5 M Black | White
59.98918,Cloud 5,Shoes,2022-02-03T00:00:00Z,Performance All Day,Cloud 5 M All White
59.98918, Cloud 5,Shoes,2022-02-03T00:00:00Z,Performance All Day,Cloud 5 M All White
59.98916,Cloud 5,Shoes,2022-02-03T00:00:00Z,Performance All Day,Cloud 5 M Midnight | White
59.98916, Cloud 5,Shoes,2022-02-03T00:00:00Z,Performance All Day,Cloud 5 M Midnight | White
59.98915,Cloud 5,Shoes,2022-02-03T00:00:00Z,Performance All Day,Cloud 5 M Niagara | Black
59.98915, Cloud 5,Shoes,2022-02-03T00:00:00Z,Performance All Day,Cloud 5 M Niagara | Black
59.98913,Cloud 5,Shoes,2022-02-03T00:00:00Z,Performance All Day,Cloud 5 M Chai | Magnet
59.98913, Cloud 5,Shoes,2022-02-03T00:00:00Z,Performance All Day,Cloud 5 M Chai | Magnet
59.98912,Cloud 5,Shoes,2022-02-03T00:00:00Z,Performance All Day,Cloud 5 M Olive | White
59.98912, Cloud 5,Shoes,2022-02-03T00:00:00Z,Performance All Day,Cloud 5 M Olive | White
59.98909,Cloud 5,Shoes,2022-02-03T00:00:00Z,Performance All Day,Cloud 5 M Glacier | White
59.98909, Cloud 5,Shoes,2022-02-03T00:00:00Z,Performance All Day,Cloud 5 M Glacier | White
59.98775, Cloud 5,Shoes,2022-02-03T00:00:00Z,Performance All Day,Cloud 5 M Ice | White
59.98775,Cloud 5,Shoes,2022-02-03T00:00:00Z,Performance All Day,Cloud 5 M Ice | White
59.98905,Cloud 5,Shoes,2022-02-03T00:00:00Z,Performance All Day,Cloud 5 W All Black
59.98905, Cloud 5,Shoes,2022-02-03T00:00:00Z,Performance All Day,Cloud 5 W All Black
59.98904,Cloud 5,Shoes,2022-02-03T00:00:00Z,Performance All Day,Cloud 5 W Black | White
59.98904, Cloud 5,Shoes,2022-02-03T00:00:00Z,Performance All Day,Cloud 5 W Black | White
59.98902,Cloud 5,Shoes,2022-02-03T00:00:00Z,Performance All Day,Cloud 5 W All White
59.98902, Cloud 5,Shoes,2022-02-03T00:00:00Z,Performance All Day,Cloud 5 W All White
59.98901, Cloud 5,Shoes,2022-02-03T00:00:00Z,Performance All Day,Cloud 5 W Denim | White
59.98901,Cloud 5,Shoes,2022-02-03T00:00:00Z,Performance All Day,Cloud 5 W Denim | White
59.98899,Cloud 5,Shoes,2022-02-03T00:00:00Z,Performance All Day,Cloud 5 W Lily | Frost
59.98899, Cloud 5,Shoes,2022-02-03T00:00:00Z,Performance All Day,Cloud 5 W Lily | Frost
59.98898,Cloud 5,Shoes,2022-02-03T00:00:00Z,Performance All Day,Cloud 5 W Rust | Black
59.98898, Cloud 5,Shoes,2022-02-03T00:00:00Z,Performance All Day,Cloud 5 W Rust | Black
59.98895,Cloud 5,Shoes,2022-02-03T00:00:00Z,Performance All Day,Cloud 5 W Surf | Cobble
59.98895, Cloud 5,Shoes,2022-02-03T00:00:00Z,Performance All Day,Cloud 5 W Surf | Cobble
59.98774,Cloud 5,Shoes,2022-02-03T00:00:00Z,Performance All Day,Cloud 5 W Ice | White
59.98774, Cloud 5,Shoes,2022-02-03T00:00:00Z,Performance All Day,Cloud 5 W Ice | White
59.98773,Cloud 5,Shoes,2022-02-03T00:00:00Z,Performance All Day,Cloud 5 W Pearl | White
59.98773, Cloud 5,Shoes,2022-02-03T00:00:00Z,Performance All Day,Cloud 5 W Pearl | White
154.00348,Parka,Apparel,2021-09-21T00:00:00Z,Performance All Day,Parka M Navy
154.00347,Parka,Apparel,2021-09-21T00:00:00Z,Performance All Day,Parka M Chai
254.00349,Parka,Apparel,2021-09-21T00:00:00Z,Performance All Day,Parka W Chai
254.00350,Parka,Apparel,2021-09-21T00:00:00Z,Performance All Day,Parka W Navy
119.00684,Hoodie,Apparel,2021-11-01T00:00:00Z,Performance All Day,Hoodie M Black
119.00343,Hoodie,Apparel,2021-08-19T00:00:00Z,Performance All Day,Hoodie M Navy
119.00344,Hoodie,Apparel,2021-08-19T00:00:00Z,Performance All Day,Hoodie M Mulberry
119.00442,Hoodie,Apparel,2022-04-14T00:00:00Z,Performance All Day,Hoodie M Rock
119.00675,Hoodie,Apparel,2022-04-14T00:00:00Z,Performance All Day,Hoodie M Black
219.00346,Hoodie,Apparel,2021-09-30T00:00:00Z,Performance All Day,Hoodie W Mulberry
219.00345,Hoodie,Apparel,2021-09-30T00:00:00Z,Performance All Day,Hoodie W Navy
219.00685,Hoodie,Apparel,2021-11-01T00:00:00Z,Performance All Day,Hoodie W Black
219.00701,Hoodie,Apparel,2022-04-14T00:00:00Z,Performance All Day,Hoodie W Sea
108.00286,Tank-T,Apparel,2021-04-22T00:00:00Z,Performance Running,Tank-T M Limelight | Black
108.00287,Tank-T,Apparel,2021-02-11T00:00:00Z,Performance Running,Tank-T M Glacier| Black
108.00288,Tank-T,Apparel,2021-02-11T00:00:00Z,Performance Running,Tank-T M Marina | Black
416.01258,Tank-T,Apparel,2022-04-28T00:00:00Z,Performance Running,Tank-T 1 M Glacier | Black
108.00436,Tank-T,Apparel,2022-05-12T00:00:00Z,Performance Running,Tank-T M Meadow | Black
108.00437,Tank-T,Apparel,2022-05-12T00:00:00Z,Performance Running,Tank-T M Denim | Navy
208.00233,Tank-T,Apparel,2021-04-22T00:00:00Z,Performance Running,Tank-T W Limelight | Black
208.00234,Tank-T,Apparel,2021-02-11T00:00:00Z,Performance Running,Tank-T W Glacier | Black
208.00235,Tank-T,Apparel,2021-02-11T00:00:00Z,Performance Running,Tank-T W Marina | Black
406.01251,Tank-T,Apparel,2022-04-28T00:00:00Z,Performance Running,Tank-T 1 W Glacier | Black
208.00438,Tank-T,Apparel,2022-05-12T00:00:00Z,Performance Running,Tank-T W Black | Glacier
208.00439,Tank-T,Apparel,2022-05-12T00:00:00Z,Performance Running,Tank-T W Meadow | Glacier
208.00440,Tank-T,Apparel,2022-05-12T00:00:00Z,Performance Running,Tank-T W Twilight | Navy
40.99595,Cloud X,Shoes,2021-02-18T00:00:00Z,Performance Running,Cloud X M Glacier | Olive
40.99241,Cloud X,Shoes,2021-07-29T00:00:00Z,Performance Running,Cloud X M Rust | Rock
40.99242,Cloud X,Shoes,2021-07-29T00:00:00Z,Performance Running,Cloud X M Olive | Fir
40.99038,Cloud X,Shoes,2022-04-14T00:00:00Z,Performance Running,Cloud X M Alloy | Niagara
40.99592,Cloud X,Shoes,2021-02-18T00:00:00Z,Performance Running,Cloud X W Black | Pearl
40.99239,Cloud X,Shoes,2021-07-29T00:00:00Z,Performance Running,Cloud X W Mocha | Sand
40.99036,Cloud X,Shoes,2022-04-14T00:00:00Z,Performance Running,Cloud X W Aloe | Surf
40.99041,Cloud X,Shoes,2022-04-14T00:00:00Z,Performance Running,Cloud X W Alloy | Lily
122.00308,Active-T,Apparel,2021-02-11T00:00:00Z,Performance All Day,Active-T M Dark
122.00309,Active-T,Apparel,2021-04-22T00:00:00Z,Performance All Day,Active-T M Limelight
122.00334,Active-T,Apparel,2021-08-19T00:00:00Z,Performance All Day,Active-T M Mulberry
409.01256,Active-T,Apparel,2022-04-28T00:00:00Z,Performance All Day,Active-T 1 M Black
122.00427,Active-T,Apparel,2022-04-14T00:00:00Z,Performance All Day,Active-T M Denim
122.00429,Active-T,Apparel,2022-04-14T00:00:00Z,Performance All Day,Active-T M Olive
28.99654,Cloud Hi,Shoes,2021-02-04T00:00:00Z,Performance All Day,Cloud Hi M Navy
28.99599,Cloud Hi,Shoes,2021-02-04T00:00:00Z,Performance All Day,Cloud Hi M Dune
28.99173,Cloud Hi,Shoes,2021-10-14T00:00:00Z,Performance All Day,Cloud Hi M Glacier
28.99174,Cloud Hi,Shoes,2021-10-14T00:00:00Z,Performance All Day,Cloud Hi M Forest
28.99647,Cloud Hi,Shoes,2021-02-04T00:00:00Z,Performance All Day,Cloud Hi W Dune
28.99475,Cloud Hi,Shoes,2021-02-04T00:00:00Z,Performance All Day,Cloud Hi W Mocha
28.99171,Cloud Hi,Shoes,2021-10-14T00:00:00Z,Performance All Day,Cloud Hi W Desert
28.99172,Cloud Hi,Shoes,2021-10-14T00:00:00Z,Performance All Day,Cloud Hi W Mulberry
50.99561,Cloudace,Shoes,2021-04-01T00:00:00Z,Performance Running,Cloudace M Black | Eclipse
50.99559,Cloudace,Shoes,2021-04-01T00:00:00Z,Performance Running,Cloudace M Midnight | Navy
50.99207,Cloudace,Shoes,2021-10-14T00:00:00Z,Performance Running,Cloudace M Ice | Tide
50.99557,Cloudace,Shoes,2021-04-01T00:00:00Z,Performance Running,Cloudace W Black | Eclipse
50.99556,Cloudace,Shoes,2021-04-01T00:00:00Z,Performance Running,Cloudace W Wash | Navy
50.99206,Cloudace,Shoes,2021-10-14T00:00:00Z,Performance Running,Cloudace W Glacier | Terracotta
372.00713,Mid Sock,Accessories,2021-11-18T00:00:00Z,Performance Running,Mid Sock M Navy | Mulberry
372.00802,Mid Sock,Accessories,2021-11-18T00:00:00Z,Performance Running,Mid Sock M Mulberry | Black
382.00714,Mid Sock,Accessories,2021-11-18T00:00:00Z,Performance Running,Mid Sock W Mulberry | Black
382.00803,Mid Sock,Accessories,2021-11-18T00:00:00Z,Performance Running,Mid Sock W Navy | Mulberry
318.00811,Breaker-T,Apparel,2022-03-03T00:00:00Z,Performance All Day,Breaker-T U Black
18.99489,Cloud Dip,Shoes,2021-04-01T00:00:00Z,Performance All Day,Cloud Dip M Sand | Cumin
18.99488,Cloud Dip,Shoes,2021-04-01T00:00:00Z,Performance All Day,Cloud Dip M Reseda | Olive
18.99487,Cloud Dip,Shoes,2021-04-01T00:00:00Z,Performance All Day,Cloud Dip W Cork | Cocoa
18.99486,Cloud Dip,Shoes,2021-04-01T00:00:00Z,Performance All Day,Cloud Dip W Hay | Leaf
49.99132,Cloudaway,Shoes,2021-08-26T00:00:00Z,Performance All Day,Cloudaway M Bronze | White
49.99133,Cloudaway,Shoes,2021-08-26T00:00:00Z,Performance All Day,Cloudaway M Ink | White
49.99134,Cloudaway,Shoes,2021-08-26T00:00:00Z,Performance All Day,Cloudaway M Black | Rock
49.98948,Cloudaway,Shoes,2022-03-24T00:00:00Z,Performance All Day,Cloudaway M Ice | Chili
49.98947,Cloudaway,Shoes,2022-03-24T00:00:00Z,Performance All Day,Cloudaway M Pearl | Fog
49.99128,Cloudaway,Shoes,2021-08-26T00:00:00Z,Performance All Day,Cloudaway W Almond | Glacier
49.99129,Cloudaway,Shoes,2021-08-26T00:00:00Z,Performance All Day,Cloudaway W Black | Rock
49.99131,Cloudaway,Shoes,2021-08-26T00:00:00Z,Performance All Day,Cloudaway W Ice | Chili
49.98946,Cloudaway,Shoes,2022-03-24T00:00:00Z,Performance All Day,Cloudaway W Ink | White
49.98945,Cloudaway,Shoes,2022-03-24T00:00:00Z,Performance All Day,Cloudaway W Ivory | Pearl
35.99235,Cloudflow,Shoes,2021-07-08T00:00:00Z,Performance Running,Cloudflow M Alloy | Magnet
35.99236,Cloudflow,Shoes,2021-07-08T00:00:00Z,Performance Running,Cloudflow M Rust | Eclipse
35.99237,Cloudflow,Shoes,2021-07-08T00:00:00Z,Performance Running,Cloudflow M Lake | Flare
35.99238,Cloudflow,Shoes,2021-07-08T00:00:00Z,Performance Running,Cloudflow M Black | Asphalt
35.99231,Cloudflow,Shoes,2021-07-08T00:00:00Z,Performance Running,Cloudflow W Mulberry | Mineral
35.99232,Cloudflow,Shoes,2021-07-08T00:00:00Z,Performance Running,Cloudflow W Rust | White
35.99233,Cloudflow,Shoes,2021-07-08T00:00:00Z,Performance Running,Cloudflow W Marina | White
35.99234,Cloudflow,Shoes,2021-07-08T00:00:00Z,Performance Running,Cloudflow W Rock | Rose
26.99819,Cloudnova,Shoes,2021-03-04T00:00:00Z,Performance All Day,Cloudnova M Silver | Orange
26.99481,Cloudnova,Shoes,2021-04-01T00:00:00Z,Performance All Day,Cloudnova M Cobalt | Flame
26.99182,Cloudnova,Shoes,2021-11-04T00:00:00Z,Performance All Day,Cloudnova M White | Pecan
26.99183,Cloudnova,Shoes,2021-06-29T00:00:00Z,Performance All Day,Cloudnova M Cumin | Flame
26.99184,Cloudnova,Shoes,2021-10-14T00:00:00Z,Performance All Day,Cloudnova M Eclipse| Rose
26.99185,Cloudnova,Shoes,2021-10-14T00:00:00Z,Performance All Day,Cloudnova M Arctic | Navy
26.99118,Cloudnova,Shoes,2021-06-29T00:00:00Z,Performance All Day,Cloudnova M All White
26.99117,Cloudnova,Shoes,2021-06-29T00:00:00Z,Performance All Day,Cloudnova M Navy | White
26.99116,Cloudnova,Shoes,2021-06-29T00:00:00Z,Performance All Day,Cloudnova M Phantom | White
26.99173,Cloudnova,Shoes,2021-11-04T00:00:00Z,Performance All Day,Cloudnova M White | Pearl
26.98992,Cloudnova,Shoes,2022-03-31T00:00:00Z,Performance All Day,Cloudnova M Eclipse | Meadow
26.98991,Cloudnova,Shoes,2022-03-31T00:00:00Z,Performance All Day,Cloudnova M White | Red
26.98989,Cloudnova,Shoes,2022-03-31T00:00:00Z,Performance All Day,Cloudnova M White | Mineral
26.99811,Cloudnova,Shoes,2021-03-04T00:00:00Z,Performance All Day,Cloudnova W White | Violet
26.99478,Cloudnova,Shoes,2021-04-01T00:00:00Z,Performance All Day,Cloudnova W Cream | Camo
26.99115,Cloudnova,Shoes,2021-06-29T00:00:00Z,Performance All Day,Cloudnova W All White
26.99114,Cloudnova,Shoes,2021-06-29T00:00:00Z,Performance All Day,Cloudnova W Navy | White
26.99177,Cloudnova,Shoes,2021-11-04T00:00:00Z,Performance All Day,Cloudnova W White | Pearl
26.99178,Cloudnova,Shoes,2021-06-29T00:00:00Z,Performance All Day,Cloudnova W Pearl | Flame
26.99179,Cloudnova,Shoes,2021-10-14T00:00:00Z,Performance All Day,Cloudnova W Eclipse| Rose
26.99181,Cloudnova,Shoes,2021-10-14T00:00:00Z,Performance All Day,Cloudnova W Arctic | Navy
26.99113,Cloudnova,Shoes,2021-06-29T00:00:00Z,Performance All Day,Cloudnova W Phantom | White
26.99174,Cloudnova,Shoes,2021-11-04T00:00:00Z,Performance All Day,Cloudnova W White | Pecan
26.98984,Cloudnova,Shoes,2022-03-31T00:00:00Z,Performance All Day,Cloudnova W Eclipse | Meadow
26.98983,Cloudnova,Shoes,2022-03-31T00:00:00Z,Performance All Day,Cloudnova W White | Cobalt
26.98982,Cloudnova,Shoes,2022-03-31T00:00:00Z,Performance All Day,Cloudnova W White | Glacier
153.00316,Crew Neck,Apparel,2021-02-11T00:00:00Z,Performance All Day,Crew Neck M Dark
153.00318,Crew Neck,Apparel,2021-04-22T00:00:00Z,Performance All Day,Crew Neck M Limelight
153.00088,Crew Neck,Apparel,2021-10-14T00:00:00Z,Performance All Day,Crew Neck M Olive
153.00463,Crew Neck,Apparel,2022-02-03T00:00:00Z,Performance All Day,Crew Neck M Navy
153.00464,Crew Neck,Apparel,2022-03-03T00:00:00Z,Performance All Day,Crew Neck M Sea
253.00338,Crew Neck,Apparel,2021-02-11T00:00:00Z,Performance All Day,Crew Neck W Lilac
253.00337,Crew Neck,Apparel,2021-02-11T00:00:00Z,Performance All Day,Crew Neck W Dark
253.00465,Crew Neck,Apparel,2022-02-03T00:00:00Z,Performance All Day,Crew Neck W Navy
253.00466,Crew Neck,Apparel,2022-03-03T00:00:00Z,Performance All Day,Crew Neck W White
171.00614,Graphic-T,Apparel,2021-10-07T00:00:00Z,Performance All Day,Graphic-T M Mulberry
171.00495,Graphic-T,Apparel,2021-08-19T00:00:00Z,Performance All Day,Graphic-T M White
171.00605,Graphic-T,Apparel,2022-04-14T00:00:00Z,Performance All Day,Graphic-T M Sea
171.00686,Graphic-T,Apparel,2022-04-14T00:00:00Z,Performance All Day,Graphic-T M White
171.00613,Graphic-T,Apparel,2021-08-19T00:00:00Z,Performance All Day,Graphic-T M Cerulean
171.00703,Graphic-T,Apparel,2022-04-14T00:00:00Z,Performance All Day,Graphic-T M White | Vine
271.00612,Graphic-T,Apparel,2021-10-07T00:00:00Z,Performance All Day,Graphic-T W Mulberry
271.00496,Graphic-T,Apparel,2021-08-19T00:00:00Z,Performance All Day,Graphic-T W White
271.00609,Graphic-T,Apparel,2022-04-14T00:00:00Z,Performance All Day,Graphic-T W Fiji
271.00687,Graphic-T,Apparel,2022-04-14T00:00:00Z,Performance All Day,Graphic-T W White
271.00611,Graphic-T,Apparel,2021-08-19T00:00:00Z,Performance All Day,Graphic-T W Lilac
271.00704,Graphic-T,Apparel,2022-04-14T00:00:00Z,Performance All Day,Graphic-T W White | Sea
171.00604,Graphic-T,Apparel,2021-08-19T00:00:00Z,Performance All Day,Graphic-T M Black
181.00623,Graphic-T,Apparel,2021-11-01T00:00:00Z,Performance All Day,Graphic-T M Black
181.00624,Graphic-T,Apparel,2021-11-01T00:00:00Z,Performance All Day,Graphic-T M White
271.00607,Graphic-T,Apparel,2021-08-19T00:00:00Z,Performance All Day,Graphic-T W Black
281.00625,Graphic-T,Apparel,2021-11-01T00:00:00Z,Performance All Day,Graphic-T W Black
281.00626,Graphic-T,Apparel,2021-11-01T00:00:00Z,Performance All Day,Graphic-T W White
392.10232,High Sock,Accessories,2021-07-20T00:00:00Z,Performance Running,High Sock M Chili | Spice
392.10234,High Sock,Accessories,2021-07-20T00:00:00Z,Performance Running,High Sock M Limelight | Ice
392.10236,High Sock,Accessories,2021-07-20T00:00:00Z,Performance Running,High Sock M Navy | Lilac
313.10233,High Sock,Accessories,2021-07-20T00:00:00Z,Performance Running,High Sock W Chili | Spice
313.10235,High Sock,Accessories,2021-07-20T00:00:00Z,Performance Running,High Sock W Limelight | Ice
313.10237,High Sock,Accessories,2021-07-20T00:00:00Z,Performance Running,High Sock W Navy | Lilac
69.98867,Cloud 5 Push,Shoes,2022-04-07T00:00:00Z,Performance All Day,Cloud 5 Push M Niagara | Chambray
69.98866,Cloud 5 Push,Shoes,2022-04-07T00:00:00Z,Performance All Day,Cloud 5 Push M Eclipse | Chambray
69.98864,Cloud 5 Push,Shoes,2022-04-07T00:00:00Z,Performance All Day,Cloud 5 Push M White | Flame
69.98861,Cloud 5 Push,Shoes,2022-04-21T00:00:00Z,Performance All Day,Cloud 5 Push M Hay | Acacia
69.98859,Cloud 5 Push,Shoes,2022-04-21T00:00:00Z,Performance All Day,Cloud 5 Push M Cobalt | Indigo
69.98856,Cloud 5 Push,Shoes,2022-04-07T00:00:00Z,Performance All Day,Cloud 5 Push W White | Cobble
69.98854,Cloud 5 Push,Shoes,2022-04-07T00:00:00Z,Performance All Day,Cloud 5 Push W White | Oasis
69.98853,Cloud 5 Push,Shoes,2022-04-07T00:00:00Z,Performance All Day,Cloud 5 Push W Lavender | Chambray
69.98852,Cloud 5 Push,Shoes,2022-04-21T00:00:00Z,Performance All Day,Cloud 5 Push W Hay | Acacia
69.98851,Cloud 5 Push,Shoes,2022-04-21T00:00:00Z,Performance All Day,Cloud 5 Push W Cobalt | Indigo
21.99567,Cloudflyer,Shoes,2021-02-18T00:00:00Z,Performance Running,Cloudflyer M Midnight | Rust
21.99225,Cloudflyer,Shoes,2021-06-03T00:00:00Z,Performance Running,Cloudflyer M All Black
21.99032,Cloudflyer,Shoes,2022-01-27T00:00:00Z,Performance Running,Cloudflyer M Glacier | Flame
21.99566,Cloudflyer,Shoes,2021-02-18T00:00:00Z,Performance Running,Cloudflyer W Glacier | Rosebrown
21.99224,Cloudflyer,Shoes,2021-06-03T00:00:00Z,Performance Running,Cloudflyer W Flare | Quartz
21.99031,Cloudflyer,Shoes,2022-01-27T00:00:00Z,Performance Running,Cloudflyer W Lavender | Meadow
33.99547,Cloudridge,Shoes,2021-03-18T00:00:00Z,Performance Outdoor,Cloudridge M Sand | Rock
33.99546,Cloudridge,Shoes,2021-03-18T00:00:00Z,Performance Outdoor,Cloudridge M Eclipse | Black
33.99244,Cloudridge,Shoes,2021-09-02T00:00:00Z,Performance Outdoor,Cloudridge M Midnight | Navy
33.99545,Cloudridge,Shoes,2021-03-18T00:00:00Z,Performance Outdoor,Cloudridge W Mocha | Pebble
33.99409,Cloudridge,Shoes,2021-03-18T00:00:00Z,Performance Outdoor,Cloudridge W Glacier | Sea
33.99243,Cloudridge,Shoes,2021-09-02T00:00:00Z,Performance Outdoor,Cloudridge W Midnight | Navy
72.98192,Cloudspike 10000m,Shoes,2022-02-01T00:00:00Z,Performance Running,Cloudspike M White | Black
82.98189,Cloudspike 1500m,Shoes,2022-02-01T00:00:00Z,Performance Running,Cloudspike M White | Black
72.98191,Cloudspike 10000m,Shoes,2022-02-01T00:00:00Z,Performance Running,Cloudspike W White | Black
82.98188,Cloudspike 1500m,Shoes,2022-02-01T00:00:00Z,Performance Running,Cloudspike W White | Black
41.99585,Cloudswift,Shoes,2021-02-04T00:00:00Z,Performance Running,Cloudswift M Black | Rock
41.99585,Cloudswift 3,Shoes,2021-02-04T00:00:00Z,Performance Running,Cloudswift M Black | Rock
41.99584,Cloudswift 3,Shoes,2021-02-04T00:00:00Z,Performance Running,Cloudswift M Denim | Midnight
41.99584,Cloudswift,Shoes,2021-02-04T00:00:00Z,Performance Running,Cloudswift M Denim | Midnight
41.99583,Cloudswift,Shoes,2021-02-04T00:00:00Z,Performance Running,Cloudswift M Rock | Slate
41.99583,Cloudswift 3,Shoes,2021-02-04T00:00:00Z,Performance Running,Cloudswift M Rock | Slate
41.99582,Cloudswift 3,Shoes,2021-02-04T00:00:00Z,Performance Running,Cloudswift M White | Flame
41.99582,Cloudswift,Shoes,2021-02-04T00:00:00Z,Performance Running,Cloudswift M White | Flame
41.99227,Cloudswift 3,Shoes,2021-07-29T00:00:00Z,Performance Running,Cloudswift M Magnet | Citron
41.99227,Cloudswift,Shoes,2021-07-29T00:00:00Z,Performance Running,Cloudswift M Magnet | Citron
41.99581,Cloudswift,Shoes,2021-02-04T00:00:00Z,Performance Running,Cloudswift W Black | Rock
41.99581,Cloudswift 3,Shoes,2021-02-04T00:00:00Z,Performance Running,Cloudswift W Black | Rock
41.99579,Cloudswift,Shoes,2021-02-04T00:00:00Z,Performance Running,Cloudswift W Glacier | White
41.99579,Cloudswift 3,Shoes,2021-02-04T00:00:00Z,Performance Running,Cloudswift W Glacier | White
41.99578,Cloudswift 3,Shoes,2021-02-04T00:00:00Z,Performance Running,Cloudswift W Lake | Sky
41.99578,Cloudswift,Shoes,2021-02-04T00:00:00Z,Performance Running,Cloudswift W Lake | Sky
41.99577,Cloudswift,Shoes,2021-02-04T00:00:00Z,Performance Running,Cloudswift W White | Limelight
41.99577,Cloudswift 3,Shoes,2021-02-04T00:00:00Z,Performance Running,Cloudswift W White | Limelight
41.99226,Cloudswift 3,Shoes,2021-07-29T00:00:00Z,Performance Running,Cloudswift W Magnet | Lavender
41.99226,Cloudswift,Shoes,2021-07-29T00:00:00Z,Performance Running,Cloudswift W Magnet | Lavender
44.99543,Cloudultra,Shoes,2021-03-04T00:00:00Z,Performance Outdoor,Cloudultra M Black | White
44.99542,Cloudultra,Shoes,2021-03-04T00:00:00Z,Performance Outdoor,Cloudultra M Limelight | Eclipse
44.99541,Cloudultra,Shoes,2021-09-02T00:00:00Z,Performance Outdoor,Cloudultra M Olive | Eclipse
44.99538,Cloudultra,Shoes,2021-03-04T00:00:00Z,Performance Outdoor,Cloudultra W Black | White
44.99537,Cloudultra,Shoes,2021-03-04T00:00:00Z,Performance Outdoor,Cloudultra W Moss | Eclipse
44.99536,Cloudultra,Shoes,2021-09-02T00:00:00Z,Performance Outdoor,Cloudultra W Lavender | Eclipse
64.99061,Cloudvista,Shoes,2022-03-17T00:00:00Z,Performance Outdoor,Cloudvista M Frost | Ink
64.99059,Cloudvista,Shoes,2022-03-17T00:00:00Z,Performance Outdoor,Cloudvista M Glacier | Black
64.98928,Cloudvista,Shoes,2022-05-12T00:00:00Z,Performance Outdoor,Cloudvista M Sandstone | Alloy
64.99058,Cloudvista,Shoes,2022-03-17T00:00:00Z,Performance Outdoor,Cloudvista W Glacier | Black
64.99057,Cloudvista,Shoes,2022-03-17T00:00:00Z,Performance Outdoor,Cloudvista W Frost | Mineral
64.98927,Cloudvista,Shoes,2022-05-12T00:00:00Z,Performance Outdoor,Cloudvista W White | Rust
228.00258,Active Tank,Apparel,2021-02-11T00:00:00Z,Performance All Day,Active Tank W Lilac
228.00259,Active Tank,Apparel,2021-02-11T00:00:00Z,Performance All Day,Active Tank W Navy
404.01249,Active Tank,Apparel,2022-04-28T00:00:00Z,Performance All Day,Active Tank 1 W White
228.00447,Active Tank,Apparel,2022-03-03T00:00:00Z,Performance All Day,Active Tank W Mulberry
228.00448,Active Tank,Apparel,2022-03-03T00:00:00Z,Performance All Day,Active Tank W White
228.00682,Active Tank,Apparel,2022-03-03T00:00:00Z,Performance All Day,Active Tank W Sea
18.99501,Cloud Nexus,Shoes,2021-05-20T00:00:00Z,Performance All Day,Cloud Nexus M Forest | Black
18.99499,Cloud Nexus,Shoes,2021-05-20T00:00:00Z,Performance All Day,Cloud Nexus M Glacier | Limelight
18.99192,Cloud Nexus,Shoes,2021-10-14T00:00:00Z,Performance All Day,Cloud Nexus M Ivy | Fir
18.99498,Cloud Nexus,Shoes,2021-05-20T00:00:00Z,Performance All Day,Cloud Nexus W Zinc | Spice
18.99497,Cloud Nexus,Shoes,2021-05-20T00:00:00Z,Performance All Day,Cloud Nexus W Seal | Forest
18.99191,Cloud Nexus,Shoes,2021-10-14T00:00:00Z,Performance All Day,Cloud Nexus W Grape | Zinc
18.99485,Cloud Terry,Shoes,2021-04-01T00:00:00Z,Performance All Day,Cloud Terry M Dune
18.99484,Cloud Terry,Shoes,2021-04-01T00:00:00Z,Performance All Day,Cloud Terry M Olive
18.99483,Cloud Terry,Shoes,2021-04-01T00:00:00Z,Performance All Day,Cloud Terry W Cork
18.99482,Cloud Terry,Shoes,2021-04-01T00:00:00Z,Performance All Day,Cloud Terry W Dune
46.99017,Cloudrunner,Shoes,2022-04-21T00:00:00Z,Performance Running,Cloudrunner M Eclipse | Frost
46.99021,Cloudrunner,Shoes,2022-04-21T00:00:00Z,Performance Running,Cloudrunner M Alloy | Moss
46.99016,Cloudrunner,Shoes,2022-05-26T00:00:00Z,Performance Running,Cloudrunner M Metal | Midnight
46.99015,Cloudrunner,Shoes,2022-04-21T00:00:00Z,Performance Running,Cloudrunner W White | Frost
46.99018,Cloudrunner,Shoes,2022-05-26T00:00:00Z,Performance Running,Cloudrunner W Chambray | Midnight
46.99019,Cloudrunner,Shoes,2022-04-21T00:00:00Z,Performance Running,Cloudrunner W Frost | Aloe
54.99217,Cloudsurfer,Shoes,2021-10-07T00:00:00Z,Performance Running,Cloudsurfer 6 M Eucalyptus | Citron
54.99218,Cloudsurfer,Shoes,2021-10-07T00:00:00Z,Performance Running,Cloudsurfer 6 M Frost | Flame
54.99215,Cloudsurfer,Shoes,2021-10-07T00:00:00Z,Performance Running,Cloudsurfer 6 W Fennel | Ink
54.99216,Cloudsurfer,Shoes,2021-10-07T00:00:00Z,Performance Running,Cloudsurfer 6 W Rust | Rose
115.00131,Race Shorts,Apparel,2021-02-11T00:00:00Z,Performance Running,Race Shorts M Black
146.00352,Sweat Pants,Apparel,2021-09-30T00:00:00Z,Performance All Day,Sweat Pants M Navy
146.00351,Sweat Pants,Apparel,2021-09-30T00:00:00Z,Performance All Day,Sweat Pants M Mulberry
146.00677,Sweat Pants,Apparel,2022-04-14T00:00:00Z,Performance All Day,Sweat Pants M Black
246.00333,Sweat Pants,Apparel,2021-08-19T00:00:00Z,Performance All Day,Sweat Pants W Navy
246.00678,Sweat Pants,Apparel,2022-04-14T00:00:00Z,Performance All Day,Sweat Pants W Black
187.00305,Tights Long,Apparel,2021-02-11T00:00:00Z,Performance Running,Tights Long M Black
187.00460,Tights Long,Apparel,2022-02-17T00:00:00Z,Performance Running,Tights Long M Denim | Black
287.00252,Tights Long,Apparel,2021-02-11T00:00:00Z,Performance Running,Tights Long W Black
287.00462,Tights Long,Apparel,2022-02-17T00:00:00Z,Performance Running,Tights Long W Sea
166.00335,Track Pants,Apparel,2021-02-11T00:00:00Z,Performance Running,Track Pants M Black
166.00336,Track Pants,Apparel,2021-02-11T00:00:00Z,Performance Running,Track Pants M Navy | Black
566.00517,Track Pants,Apparel,2021-03-31T00:00:00Z,Performance All Day,Track Pants M Black
174.00476,Zero Jacket,Apparel,2022-03-03T00:00:00Z,Performance Running,Zero Jacket M White | Meadow
174.00477,Zero Jacket,Apparel,2022-03-03T00:00:00Z,Performance Running,Zero Jacket M Twilight
274.00478,Zero Jacket,Apparel,2022-03-03T00:00:00Z,Performance Running,Zero Jacket W White | Meadow
274.00479,Zero Jacket,Apparel,2022-03-03T00:00:00Z,Performance Running,Zero Jacket W Twilight
136.00087,Active Pants,Apparel,2021-10-14T00:00:00Z,Performance All Day,Active Pants M Olive
136.00319,Active Pants,Apparel,2021-08-19T00:00:00Z,Performance All Day,Active Pants M Navy
136.00086,Active Pants,Apparel,2021-08-19T00:00:00Z,Performance All Day,Active Pants M Black
256.00274,Active Pants,Apparel,2021-08-19T00:00:00Z,Performance All Day,Active Pants W Black
256.00275,Active Pants,Apparel,2021-08-19T00:00:00Z,Performance All Day,Active Pants W Dark
256.00468,Active Pants,Apparel,2022-03-17T00:00:00Z,Performance All Day,Active Pants W Olive
366.00873,All-Day Sock,Accessories,2022-03-03T00:00:00Z,Performance All Day,All-Day Sock M Denim | Black
366.00874,All-Day Sock,Accessories,2022-03-03T00:00:00Z,Performance All Day,All-Day Sock M White | Hay
366.00875,All-Day Sock,Accessories,2022-03-03T00:00:00Z,Performance All Day,All-Day Sock M Mango | Spice
366.00876,All-Day Sock,Accessories,2022-03-03T00:00:00Z,Performance All Day,All-Day Sock M Rose | Flame
366.00941,All-Day Sock,Accessories,2022-03-03T00:00:00Z,Performance All Day,All-Day Sock M Heather | Twilight
367.00946,All-Day Sock,Accessories,2022-03-03T00:00:00Z,Performance All Day,All-Day Sock W Heather | Twilight
367.00878,All-Day Sock,Accessories,2022-03-03T00:00:00Z,Performance All Day,All-Day Sock W Denim | Black
367.00879,All-Day Sock,Accessories,2022-03-03T00:00:00Z,Performance All Day,All-Day Sock W White | Hay
367.00881,All-Day Sock,Accessories,2022-03-03T00:00:00Z,Performance All Day,All-Day Sock W Mango | Spice
367.00882,All-Day Sock,Accessories,2022-03-03T00:00:00Z,Performance All Day,All-Day Sock W Rose | Flame
61.99023,Cloudmonster,Shoes,2022-03-31T00:00:00Z,Performance Running,Cloudmonster M Frost | Surf
61.99027,Cloudmonster,Shoes,2022-03-31T00:00:00Z,Performance Running,Cloudmonster M Acai | Aloe
61.99022,Cloudmonster,Shoes,2022-03-31T00:00:00Z,Performance Running,Cloudmonster W Glacier | Meadow
61.99026,Cloudmonster,Shoes,2022-03-31T00:00:00Z,Performance Running,Cloudmonster W Acai | Lavender
26.99094,Cloudnova Z5,Shoes,2021-05-27T00:00:00Z,Performance All Day,Cloudnova Z5 M Neon | White
26.98931,Cloudnova,Shoes,2022-04-14T00:00:00Z,Performance All Day,Cloudnova Z5 M Black | Cyan
26.99093,Cloudnova Z5,Shoes,2021-05-27T00:00:00Z,Performance All Day,Cloudnova Z5 W Neon | White
26.98929,Cloudnova,Shoes,2022-04-14T00:00:00Z,Performance All Day,Cloudnova Z5 W Black | Cyan
39.99212,Cloudstratus,Shoes,2021-08-05T00:00:00Z,Performance Running,Cloudstratus M White | Black
39.99213,Cloudstratus,Shoes,2021-08-05T00:00:00Z,Performance Running,Cloudstratus M Lake | Flare
39.99214,Cloudstratus,Shoes,2021-11-25T00:00:00Z,Performance Running,Cloudstratus M Black
39.99007,Cloudstratus,Shoes,2022-05-05T00:00:00Z,Performance Running,Cloudstratus M Fossil | Midnight
39.99208,Cloudstratus,Shoes,2021-08-05T00:00:00Z,Performance Running,Cloudstratus W Rose | Red
39.99209,Cloudstratus,Shoes,2021-08-05T00:00:00Z,Performance Running,Cloudstratus W Marina | Magnet
39.99211,Cloudstratus,Shoes,2021-11-25T00:00:00Z,Performance Running,Cloudstratus W Black
39.98997,Cloudstratus,Shoes,2022-05-05T00:00:00Z,Performance Running,Cloudstratus W White | Black
22.99554,Cloudventure,Shoes,2021-03-18T00:00:00Z,Performance Outdoor,Cloudventure M Pecan | Brown
22.99553,Cloudventure,Shoes,2021-03-18T00:00:00Z,Performance Outdoor,Cloudventure W Midnight | Navy
32.99258,Cloudventure,Shoes,2021-11-04T00:00:00Z,Performance Outdoor,Cloudventure M Cobble | Ink
32.99259,Cloudventure,Shoes,2021-08-12T00:00:00Z,Performance Outdoor,Cloudventure M Glacier | Thorn
32.99261,Cloudventure,Shoes,2021-08-12T00:00:00Z,Performance Outdoor,Cloudventure M Flare | Mulberry
32.99262,Cloudventure,Shoes,2021-08-12T00:00:00Z,Performance Outdoor,Cloudventure M Black | Reseda
32.99052,Cloudventure,Shoes,2022-04-14T00:00:00Z,Performance Outdoor,Cloudventure M Twilight | Midnight
32.99254,Cloudventure,Shoes,2021-11-04T00:00:00Z,Performance Outdoor,Cloudventure W Bronze | Acai
32.99255,Cloudventure,Shoes,2021-08-12T00:00:00Z,Performance Outdoor,Cloudventure W Ice | Glacier
32.99256,Cloudventure,Shoes,2021-08-12T00:00:00Z,Performance Outdoor,Cloudventure W Arctic | Marina
32.99257,Cloudventure,Shoes,2021-08-12T00:00:00Z,Performance Outdoor,Cloudventure W Black | Cobble
32.99051,Cloudventure,Shoes,2022-04-14T00:00:00Z,Performance Outdoor,Cloudventure W Twilight | Acai
801.00578,On-T,Apparel,2021-05-20T00:00:00Z,Performance All Day,Paralympic-T W Auburn
155.00321,Sweat Shorts,Apparel,2021-02-11T00:00:00Z,Performance All Day,Sweat Shorts M Dark
155.00494,Sweat Shorts,Apparel,2022-04-14T00:00:00Z,Performance All Day,Sweat Shorts M Sea
155.00694,Sweat Shorts,Apparel,2021-11-01T00:00:00Z,Performance All Day,Sweat Shorts M Black
155.00693,Sweat Shorts,Apparel,2022-04-14T00:00:00Z,Performance All Day,Sweat Shorts M Navy
127.00329,Trail Tights,Apparel,2021-04-22T00:00:00Z,Performance Outdoor,Trail Tights M Black
237.00342,Trail Tights,Apparel,2021-04-22T00:00:00Z,Performance Outdoor,Trail Tights W Black
210.00242,Weather Vest,Apparel,2021-02-18T00:00:00Z,Performance Running,Weather Vest W Black
130.00523,Active Jacket,Apparel,2022-03-03T00:00:00Z,Performance All Day,Active Jacket M Olive
130.00449,Active Jacket,Apparel,2022-03-03T00:00:00Z,Performance All Day,Active Jacket M Navy
230.00524,Active Jacket,Apparel,2022-03-03T00:00:00Z,Performance All Day,Active Jacket W Sea
230.00450,Active Jacket,Apparel,2022-03-03T00:00:00Z,Performance All Day,Active Jacket W Navy
225.00273,Active Shorts,Apparel,2021-08-19T00:00:00Z,Performance All Day,Active Shorts W Mulberry | Black
225.00272,Active Shorts,Apparel,2021-08-19T00:00:00Z,Performance All Day,Active Shorts W Black
225.00683,Active Shorts,Apparel,2022-05-12T00:00:00Z,Performance All Day,Active Shorts W Denim | Black
225.00681,Active Shorts,Apparel,2022-05-12T00:00:00Z,Performance All Day,Active Shorts W Meadow | Black
277.00276,Active Tights,Apparel,2021-04-15T00:00:00Z,Performance Outdoor,Active Tights W Navy
277.00277,Active Tights,Apparel,2021-08-19T00:00:00Z,Performance Outdoor,Active Tights W Mulberry
277.00674,Active Tights,Apparel,2022-03-17T00:00:00Z,Performance Outdoor,Active Tights W Black
222.00261,Active-T Flow,Apparel,2021-04-22T00:00:00Z,Performance All Day,Active-T Flow W Limelight
222.00433,Active-T Flow,Apparel,2022-04-14T00:00:00Z,Performance All Day,Active-T Flow W Fiji
418.01260,Climate Shirt,Apparel,2022-04-28T00:00:00Z,Performance Running,Climate Shirt 1 M Denim | Navy
163.00469,Climate Shirt,Apparel,2022-02-17T00:00:00Z,Performance Running,Climate Shirt M Denim
163.00470,Climate Shirt,Apparel,2022-02-17T00:00:00Z,Performance Running,Climate Shirt M Black
408.01253,Climate Shirt,Apparel,2022-04-28T00:00:00Z,Performance Running,Climate Shirt 1 W Sea
263.00471,Climate Shirt,Apparel,2022-02-17T00:00:00Z,Performance Running,Climate Shirt W Black
263.00472,Climate Shirt,Apparel,2022-02-17T00:00:00Z,Performance Running,Climate Shirt W Sea
28.99671,Cloud Hi Edge,Shoes,2021-02-04T00:00:00Z,Performance All Day,Cloud Hi Edge M Ink | Midnight
28.99473,Cloud Hi Edge,Shoes,2021-06-29T00:00:00Z,Performance All Day,Cloud Hi Edge M Black | Olive
28.99469,Cloud Hi Edge,Shoes,2021-02-04T00:00:00Z,Performance All Day,Cloud Hi Edge M Aloe | Pecan
28.99468,Cloud Hi Edge,Shoes,2021-02-04T00:00:00Z,Performance All Day,Cloud Hi Edge M Cumin | Pearl
28.99163,Cloud Hi Edge,Shoes,2021-09-09T00:00:00Z,Performance All Day,Cloud Hi Edge M Pebble | Lilac
28.99164,Cloud Hi Edge,Shoes,2021-09-09T00:00:00Z,Performance All Day,Cloud Hi Edge M Pecan | Clay
28.99471,Cloud Hi Edge,Shoes,2021-06-29T00:00:00Z,Performance All Day,Cloud Hi Edge W Shark | Ink
28.99467,Cloud Hi Edge,Shoes,2021-02-04T00:00:00Z,Performance All Day,Cloud Hi Edge W Cobble | Sea
28.99466,Cloud Hi Edge,Shoes,2021-02-04T00:00:00Z,Performance All Day,Cloud Hi Edge W Sand | Pearl
28.99161,Cloud Hi Edge,Shoes,2021-09-09T00:00:00Z,Performance All Day,Cloud Hi Edge W Pebble | Lilac
28.99162,Cloud Hi Edge,Shoes,2021-09-09T00:00:00Z,Performance All Day,Cloud Hi Edge W Pecan | Clay
38.99124,Cloud X Shift,Shoes,2021-07-20T00:00:00Z,Performance All Day,Cloud X Shift M Frost | Twilight
38.99125,Cloud X Shift,Shoes,2021-07-20T00:00:00Z,Performance All Day,Cloud X Shift M Vapor | Acacia
38.99126,Cloud X Shift,Shoes,2021-07-20T00:00:00Z,Performance All Day,Cloud X Shift M Ink | Cherry
38.99127,Cloud X Shift,Shoes,2021-07-20T00:00:00Z,Performance All Day,Cloud X Shift M Alloy | Red
38.98944,Cloud X Shift,Shoes,2022-04-28T00:00:00Z,Performance All Day,Cloud X Shift M White | Matcha
38.98943,Cloud X Shift,Shoes,2022-03-24T00:00:00Z,Performance All Day,Cloud X Shift M Denim | White
38.98942,Cloud X Shift,Shoes,2022-03-24T00:00:00Z,Performance All Day,Cloud X Shift M Heather | Glacier
38.99119,Cloud X Shift,Shoes,2021-07-20T00:00:00Z,Performance All Day,Cloud X Shift W Frost | Twilight
38.99121,Cloud X Shift,Shoes,2021-07-20T00:00:00Z,Performance All Day,Cloud X Shift W Alloy | Red
38.99122,Cloud X Shift,Shoes,2021-07-20T00:00:00Z,Performance All Day,Cloud X Shift W Vapor | Acacia
38.99123,Cloud X Shift,Shoes,2021-07-20T00:00:00Z,Performance All Day,Cloud X Shift W Ink | Cherry
38.98941,Cloud X Shift,Shoes,2022-03-24T00:00:00Z,Performance All Day,Cloud X Shift W Surf | Vapor
38.98939,Cloud X Shift,Shoes,2022-03-24T00:00:00Z,Performance All Day,Cloud X Shift W Niagara | White
38.98938,Cloud X Shift,Shoes,2022-04-28T00:00:00Z,Performance All Day,Cloud X Shift W White | Matcha
41.98750,Cloudswift HS,Shoes,2021-11-15T00:00:00Z,Performance All Day,Cloudswift HS M White | Flax
41.98748,Cloudswift HS,Shoes,2021-11-15T00:00:00Z,Performance All Day,Cloudswift HS W White | Flax
185.00303,Hybrid Shorts,Apparel,2021-02-11T00:00:00Z,Performance Running,Hybrid Shorts M Black
185.00304,Hybrid Shorts,Apparel,2021-02-11T00:00:00Z,Performance Running,Hybrid Shorts M Navy
185.00488,Hybrid Shorts,Apparel,2022-05-12T00:00:00Z,Performance Running,Hybrid Shorts M Rock
185.00700,Hybrid Shorts,Apparel,2022-05-12T00:00:00Z,Performance Running,Hybrid Shorts M Meadow
311.00711,Merino Beanie,Accessories,2021-10-07T00:00:00Z,Performance All Day,Merino Beanie U Olive
238.00256,Movement Tank,Apparel,2021-04-15T00:00:00Z,Performance All Day,Movement Tank W Navy
238.00257,Movement Tank,Apparel,2021-04-15T00:00:00Z,Performance All Day,Movement Tank W Mineral
238.00457,Movement Tank,Apparel,2022-04-14T00:00:00Z,Performance All Day,Movement Tank W Fiji
238.00689,Movement Tank,Apparel,2022-04-14T00:00:00Z,Performance All Day,Movement Tank W Black
102.00289,Performance-T,Apparel,2021-02-11T00:00:00Z,Performance Running,Performance-T M Black | Dark
102.00291,Performance-T,Apparel,2021-02-11T00:00:00Z,Performance Running,Performance-T M Cerulean | Black
102.00292,Performance-T,Apparel,2021-08-19T00:00:00Z,Performance Running,Performance-T M Mulberry | Spice
102.00417,Performance-T,Apparel,2022-03-17T00:00:00Z,Performance Running,Performance-T M Denim | Navy
102.00418,Performance-T,Apparel,2022-03-17T00:00:00Z,Performance Running,Performance-T M Meadow | Black
102.00419,Performance-T,Apparel,2022-03-17T00:00:00Z,Performance Running,Performance-T M Niagara | Navy
102.00420,Performance-T,Apparel,2022-03-17T00:00:00Z,Performance Running,Performance-T M Twilight | Navy
202.00236,Performance-T,Apparel,2021-02-11T00:00:00Z,Performance Running,Performance-T W Cerulean | Black
202.00237,Performance-T,Apparel,2021-02-11T00:00:00Z,Performance Running,Performance-T W Black | Dark
202.00238,Performance-T,Apparel,2021-08-19T00:00:00Z,Performance Running,Performance-T W Mulberry | Spice
202.00423,Performance-T,Apparel,2022-03-17T00:00:00Z,Performance Running,Performance-T W Meadow | Glacier
202.00424,Performance-T,Apparel,2022-03-17T00:00:00Z,Performance Running,Performance-T W Twilight | Navy
202.00671,Performance-T,Apparel,2022-03-17T00:00:00Z,Performance Running,Performance-T W Sea | Black
415.01257,Performance-T,Apparel,2022-04-28T00:00:00Z,Performance Running,Performance-T 3 M Black | Dark
405.01250,Performance-T,Apparel,2022-04-28T00:00:00Z,Performance Running,Performance-T 3 W Black | Dark
106.00672,Running Pants,Apparel,2022-02-17T00:00:00Z,Performance Running,Running Pants M Glacier | Rock
206.00253,Running Pants,Apparel,2021-02-11T00:00:00Z,Performance Running,Running Pants W Black
206.00431,Running Pants,Apparel,2022-02-17T00:00:00Z,Performance Running,Running Pants W Sea | Surf
48.98721,THE ROGER Pro,Shoes,2022-04-14T00:00:00Z,Performance All Day,THE ROGER Pro M White | Indigo
48.98401,THE ROGER Pro,Shoes,2021-11-16T00:00:00Z,Performance All Day,THE ROGER Pro M Navy | Indigo
48.98720,THE ROGER Pro,Shoes,2022-04-14T00:00:00Z,Performance All Day,THE ROGER Pro W White | Indigo
48.98399,THE ROGER Pro,Shoes,2021-11-16T00:00:00Z,Performance All Day,THE ROGER Pro W Navy | Indigo
133.00322,Trail Breaker,Apparel,2021-02-11T00:00:00Z,Performance Outdoor,Trail Breaker M Navy | Black
133.00705,Trail Breaker,Apparel,2022-03-03T00:00:00Z,Performance Outdoor,Trail Breaker M Black
233.00278,Trail Breaker,Apparel,2021-02-11T00:00:00Z,Performance Outdoor,Trail Breaker W Dark | Black
233.00706,Trail Breaker,Apparel,2022-03-03T00:00:00Z,Performance Outdoor,Trail Breaker W Black
138.00455,Training Tank,Apparel,2022-05-12T00:00:00Z,Performance Running,Training Tank M Denim
138.00456,Training Tank,Apparel,2022-05-12T00:00:00Z,Performance Running,Training Tank M Olive
138.00688,Training Tank,Apparel,2022-05-12T00:00:00Z,Performance Running,Training Tank M Black
164.00519,Climate Jacket,Apparel,2021-09-21T00:00:00Z,Performance Running,Climate Jacket M Denim | Navy
164.00709,Climate Jacket,Apparel,2022-02-17T00:00:00Z,Performance Running,Climate Jacket M Black
264.00521,Climate Jacket,Apparel,2021-09-21T00:00:00Z,Performance Running,Climate Jacket W Denim | Navy
264.00708,Climate Jacket,Apparel,2022-02-17T00:00:00Z,Performance Running,Climate Jacket W Black
57.98995,Cloudboom Echo,Shoes,2021-06-22T00:00:00Z,Performance Running,Cloudboom Echo M White | Black
57.98994,Cloudboom Echo,Shoes,2021-06-22T00:00:00Z,Performance Running,Cloudboom Echo W White | Black
45.99229,Cloudflow Wide,Shoes,2021-07-08T00:00:00Z,Performance Running,Cloudflow Wide M Black | Asphalt
45.99228,Cloudflow Wide,Shoes,2021-07-08T00:00:00Z,Performance Running,Cloudflow Wide W Rock | Rose
26.99398,Cloudnova Wrap,Shoes,2021-04-15T00:00:00Z,Performance All Day,Cloudnova Wrap W Quicksilver | Flame
26.99397,Cloudnova Wrap,Shoes,2021-04-15T00:00:00Z,Performance All Day,Cloudnova Wrap W Leaf | Cumin
26.99175,Cloudnova Wrap,Shoes,2021-09-09T00:00:00Z,Performance All Day,Cloudnova Wrap W Raisin | Lavender
26.99176,Cloudnova Wrap,Shoes,2021-09-09T00:00:00Z,Performance All Day,Cloudnova Wrap W Evergreen | Citron
123.00153,Comfort Long-T,Apparel,2021-02-11T00:00:00Z,Performance All Day,Comfort Long-T M Black
123.00314,Comfort Long-T,Apparel,2021-02-18T00:00:00Z,Performance All Day,Comfort Long-T M Glacier
223.00264,Comfort Long-T,Apparel,2021-02-18T00:00:00Z,Performance All Day,Comfort Long-T W Black
223.00265,Comfort Long-T,Apparel,2021-02-11T00:00:00Z,Performance All Day,Comfort Long-T W Glacier
176.00482,Explorer Pants,Apparel,2022-03-03T00:00:00Z,Performance Outdoor,Explorer Pants M Vine
176.00483,Explorer Pants,Apparel,2022-03-03T00:00:00Z,Performance Outdoor,Explorer Pants M Navy
276.00484,Explorer Pants,Apparel,2022-03-03T00:00:00Z,Performance Outdoor,Explorer Pants W Hail
276.00485,Explorer Pants,Apparel,2022-03-03T00:00:00Z,Performance Outdoor,Explorer Pants W Flint
255.00243,Running Shorts,Apparel,2021-02-11T00:00:00Z,Performance Running,Running Shorts W Black
255.00244,Running Shorts,Apparel,2021-02-11T00:00:00Z,Performance Running,Running Shorts W Glacier | Black
255.00245,Running Shorts,Apparel,2021-02-11T00:00:00Z,Performance Running,Running Shorts W Cerulean | Black
255.00467,Running Shorts,Apparel,2022-02-17T00:00:00Z,Performance Running,Running Shorts W Twilight | Black
104.00297,Weather-Jacket,Apparel,2021-02-11T00:00:00Z,Performance Running,Weather-Jacket M Cerulean | Dark
104.00297,Weather Jacket,Apparel,2021-02-11T00:00:00Z,Performance Running,Weather-Jacket M Cerulean | Dark
104.00426,Weather-Jacket,Apparel,2022-03-31T00:00:00Z,Performance Running,Weather-Jacket M Niagara | Glacier
104.00426,Weather Jacket,Apparel,2022-03-31T00:00:00Z,Performance Running,Weather-Jacket M Niagara | Glacier
204.00248,Weather-Jacket,Apparel,2021-02-11T00:00:00Z,Performance Running,Weather Jacket W Black | Navy
204.00248,Weather Jacket,Apparel,2021-02-11T00:00:00Z,Performance Running,Weather Jacket W Black | Navy
204.00428,Weather-Jacket,Apparel,2022-03-03T00:00:00Z,Performance Running,Weather-Jacket W Surf | Sea
204.00428,Weather Jacket,Apparel,2022-03-03T00:00:00Z,Performance Running,Weather-Jacket W Surf | Sea
51.99067,Cloudflyer Wide,Shoes,2021-06-03T00:00:00Z,Performance Running,Cloudflyer Wide M Black | White
51.99066,Cloudflyer Wide,Shoes,2021-06-03T00:00:00Z,Performance Running,Cloudflyer Wide W Black | White
26.98719,Cloudnova Atmos,Shoes,2022-01-01T00:00:00Z,Performance All Day,Cloudnova Atmos M Midnight | Black
26.98403,Cloudnova Atmos,Shoes,2021-10-23T00:00:00Z,Performance All Day,Cloudnova Atmos M Natural | Indigo
26.98718,Cloudnova Atmos,Shoes,2022-01-01T00:00:00Z,Performance All Day,Cloudnova Atmos W Midnight | Black
26.98402,Cloudnova Atmos,Shoes,2021-10-23T00:00:00Z,Performance All Day,Cloudnova Atmos W Natural | Indigo
44.99092,Cloudultra Nite,Shoes,2022-01-27T00:00:00Z,Performance All Day,Cloudultra Nite M Navy | Midnight
44.99091,Cloudultra Nite,Shoes,2022-01-27T00:00:00Z,Performance All Day,Cloudultra Nite W Navy | Midnight
194.00489,Explorer Jacket,Apparel,2022-03-03T00:00:00Z,Performance Outdoor,Explorer Jacket M Hail
194.00490,Explorer Jacket,Apparel,2022-03-03T00:00:00Z,Performance Outdoor,Explorer Jacket M Navy | Flint
294.00491,Explorer Jacket,Apparel,2022-03-03T00:00:00Z,Performance Outdoor,Explorer Jacket W Hail
294.00492,Explorer Jacket,Apparel,2022-03-03T00:00:00Z,Performance Outdoor,Explorer Jacket W Granite | Flint
175.00480,Explorer Shorts,Apparel,2022-03-03T00:00:00Z,Performance Outdoor,Explorer Shorts M Hail
175.00697,Explorer Shorts,Apparel,2022-03-03T00:00:00Z,Performance Outdoor,Explorer Shorts M Navy
275.00481,Explorer Shorts,Apparel,2022-03-03T00:00:00Z,Performance Outdoor,Explorer Shorts W Vine
275.00698,Explorer Shorts,Apparel,2022-03-03T00:00:00Z,Performance Outdoor,Explorer Shorts W Flint
412.01261,Lightweight-Cap,Accessories,2022-04-28T00:00:00Z,Performance Running,Lightweight Cap 1 U Navy
412.01262,Lightweight-Cap,Accessories,2022-04-28T00:00:00Z,Performance Running,Lightweight Cap 1 U Grey
941.10238,Lightweight-Cap,Accessories,2021-11-01T00:00:00Z,Performance Running,Lightweight Cap U Black
941.10239,Lightweight-Cap,Accessories,2021-11-01T00:00:00Z,Performance Running,Lightweight Cap U Grey
301.00712,Lightweight-Cap,Accessories,2021-10-07T00:00:00Z,Performance Running,Lightweight Cap U Mulberry
301.00804,Lightweight-Cap,Accessories,2022-05-05T00:00:00Z,Performance Running,Lightweight Cap U Niagara
165.00473,Movement Shorts,Apparel,2022-03-03T00:00:00Z,Performance Running,Movement Shorts M Rock
165.00474,Movement Shorts,Apparel,2022-02-03T00:00:00Z,Performance Running,Movement Shorts M Navy | Black
165.00710,Movement Shorts,Apparel,2022-03-03T00:00:00Z,Performance Running,Movement Shorts M Black
227.00246,Sprinter Shorts,Apparel,2021-04-22T00:00:00Z,Performance Running,Sprinter Shorts W Black
227.00247,Sprinter Shorts,Apparel,2021-08-19T00:00:00Z,Performance Running,Sprinter Shorts W Mulberry
227.00441,Sprinter Shorts,Apparel,2022-02-17T00:00:00Z,Performance Running,Sprinter Shorts W Sea
701.00557,On-T,Apparel,2021-05-20T00:00:00Z,Performance All Day,Swiss Olympic-T M Auburn
801.00558,On-T,Apparel,2021-05-20T00:00:00Z,Performance All Day,Swiss Olympic-T W Auburn
232.00262,Active-T Breathe,Apparel,2021-02-11T00:00:00Z,Performance All Day,Active-T Breathe W Navy
232.00263,Active-T Breathe,Apparel,2021-02-11T00:00:00Z,Performance All Day,Active-T Breathe W Lilac
232.00452,Active-T Breathe,Apparel,2022-04-14T00:00:00Z,Performance All Day,Active-T Breathe W Olive
59.98842,Cloud 5 Waterproof,Shoes,2022-02-03T00:00:00Z,Performance All Day,Cloud 5 Waterproof M All Black
59.98841,Cloud 5 Waterproof,Shoes,2022-02-03T00:00:00Z,Performance All Day,Cloud 5 Waterproof M Glacier | White
59.98840,Cloud 5 Waterproof,Shoes,2022-02-03T00:00:00Z,Performance All Day,Cloud 5 Waterproof M Olive | Black
59.98839,Cloud 5 Waterproof,Shoes,2022-02-03T00:00:00Z,Performance All Day,Cloud 5 Waterproof M Cocoa | Frost
59.98838,Cloud 5 Waterproof,Shoes,2022-02-03T00:00:00Z,Performance All Day,Cloud 5 Waterproof W All Black
59.98837,Cloud 5 Waterproof,Shoes,2022-02-03T00:00:00Z,Performance All Day,Cloud 5 Waterproof W Glacier | White
59.98836,Cloud 5 Waterproof,Shoes,2022-02-03T00:00:00Z,Performance All Day,Cloud 5 Waterproof W Olive | Black
59.98835,Cloud 5 Waterproof,Shoes,2022-02-03T00:00:00Z,Performance All Day,Cloud 5 Waterproof W Cocoa | Frost
19.99519,Cloud Monochrome,Shoes,2021-03-11T00:00:00Z,Performance All Day,Cloud Monochrome M Dijon
19.99518,Cloud Monochrome,Shoes,2021-03-11T00:00:00Z,Performance All Day,Cloud Monochrome M Sea
19.99517,Cloud Monochrome,Shoes,2021-03-11T00:00:00Z,Performance All Day,Cloud Monochrome M Mulberry
19.99203,Cloud Monochrome,Shoes,2021-09-07T00:00:00Z,Performance All Day,Cloud Monochrome M Midnight
19.99204,Cloud Monochrome,Shoes,2021-09-07T00:00:00Z,Performance All Day,Cloud Monochrome M Zinc
19.99205,Cloud Monochrome,Shoes,2021-09-07T00:00:00Z,Performance All Day,Cloud Monochrome M Rose
19.99516,Cloud Monochrome,Shoes,2021-03-11T00:00:00Z,Performance All Day,Cloud Monochrome W Flare
19.99515,Cloud Monochrome,Shoes,2021-03-11T00:00:00Z,Performance All Day,Cloud Monochrome W Endive
19.99514,Cloud Monochrome,Shoes,2021-03-11T00:00:00Z,Performance All Day,Cloud Monochrome W Grape
19.99199,Cloud Monochrome,Shoes,2021-09-07T00:00:00Z,Performance All Day,Cloud Monochrome W Pecan
19.99201,Cloud Monochrome,Shoes,2021-09-07T00:00:00Z,Performance All Day,Cloud Monochrome W Acai
19.99202,Cloud Monochrome,Shoes,2021-09-07T00:00:00Z,Performance All Day,Cloud Monochrome W Rose
19.99187,Cloud Waterproof,Shoes,2021-07-29T00:00:00Z,Performance All Day,Cloud Waterproof M Eclipse | Rock
19.99188,Cloud Waterproof,Shoes,2021-07-29T00:00:00Z,Performance All Day,Cloud Waterproof M Chai | Lunar
19.99189,Cloud Waterproof,Shoes,2021-07-29T00:00:00Z,Performance All Day,Cloud Waterproof M Navy
19.99186,Cloud Waterproof,Shoes,2021-07-29T00:00:00Z,Performance All Day,Cloud Waterproof W Navy
56.99012,Cloudrunner Wide,Shoes,2022-05-26T00:00:00Z,Performance Running,Cloudrunner Wide M Eclipse | Frost
56.99008,Cloudrunner Wide,Shoes,2022-05-26T00:00:00Z,Performance Running,Cloudrunner Wide W White | Frost
144.00324,Insulator Jacket,Apparel,2021-03-18T00:00:00Z,Performance Outdoor,Insulator Jacket M Cerulean | Navy
144.00325,Insulator Jacket,Apparel,2021-03-18T00:00:00Z,Performance Outdoor,Insulator Jacket M Black | Navy
244.00279,Insulator Jacket,Apparel,2021-03-18T00:00:00Z,Performance Outdoor,Insulator Jacket W Cerulean | Dark
244.00281,Insulator Jacket,Apparel,2021-03-18T00:00:00Z,Performance Outdoor,Insulator Jacket W Black | Dark
126.00332,Waterproof Pants,Apparel,2021-02-11T00:00:00Z,Performance Outdoor,Waterproof Pants M Black | Navy
226.00285,Waterproof Pants,Apparel,2021-02-11T00:00:00Z,Performance Outdoor,Waterproof Pants W Black | Dark
34.99002,Cloudventure Peak 3,Shoes,2022-05-19T00:00:00Z,Performance Outdoor,Cloudventure Peak M White | Leaf
34.99002,Cloudventure Peak,Shoes,2022-05-19T00:00:00Z,Performance Outdoor,Cloudventure Peak M White | Leaf
34.99001,Cloudventure Peak,Shoes,2022-05-19T00:00:00Z,Performance Outdoor,Cloudventure Peak W White | Leaf
34.99001,Cloudventure Peak 3,Shoes,2022-05-19T00:00:00Z,Performance Outdoor,Cloudventure Peak W White | Leaf
236.00249,Lightweight Pants,Apparel,2021-02-11T00:00:00Z,Performance Running,Lightweight Pants W Navy
236.00251,Lightweight Pants,Apparel,2021-02-11T00:00:00Z,Performance Running,Lightweight Pants W Cerulean
236.00707,Lightweight Pants,Apparel,2022-03-17T00:00:00Z,Performance Running,Lightweight Pants W Black
636.00518,Lightweight Pants,Apparel,2021-03-31T00:00:00Z,Performance Running,Lightweight Pants W Black
124.00326,Waterproof Anorak,Apparel,2021-02-11T00:00:00Z,Performance Outdoor,Waterproof Anorak M Black
124.00327,Waterproof Anorak,Apparel,2021-02-11T00:00:00Z,Performance Outdoor,Waterproof Anorak M White
124.00328,Waterproof Anorak,Apparel,2021-03-18T00:00:00Z,Performance Outdoor,Waterproof Anorak M Pecan
224.00282,Waterproof Anorak,Apparel,2021-02-11T00:00:00Z,Performance Outdoor,Waterproof Anorak W Black
224.00283,Waterproof Anorak,Apparel,2021-02-11T00:00:00Z,Performance Outdoor,Waterproof Anorak W White
224.00284,Waterproof Anorak,Apparel,2021-03-18T00:00:00Z,Performance Outdoor,Waterproof Anorak W Pecan
135.00331,Waterproof Shorts,Apparel,2021-02-11T00:00:00Z,Performance Outdoor,Waterproof Shorts M Black
28.99158,Cloud Hi Edge Defy,Shoes,2021-12-21T00:00:00Z,Performance All Day,Cloud Hi Edge Defy M Grape | Ox
28.99159,Cloud Hi Edge Defy,Shoes,2021-12-21T00:00:00Z,Performance All Day,Cloud Hi Edge Defy M Olive | Fir
49.99098,Cloudaway Kanazawa,Shoes,2021-10-21T00:00:00Z,Performance All Day,Cloudaway Kanazawa M White | Frost
49.99097,Cloudaway Kanazawa,Shoes,2021-10-21T00:00:00Z,Performance All Day,Cloudaway Kanazawa W White | Frost
43.99534,Cloudrock Edge Raw,Shoes,2022-01-01T00:00:00Z,Performance Outdoor,Cloudrock Edge Raw M Undyed
43.99531,Cloudrock Edge Raw,Shoes,2022-01-01T00:00:00Z,Performance Outdoor,Cloudrock Edge Raw W Undyed
125.00301,Lightweight Shorts,Apparel,2021-02-11T00:00:00Z,Performance Running,Lightweight Shorts M Glacier | Black
125.00302,Lightweight Shorts,Apparel,2021-02-11T00:00:00Z,Performance Running,Lightweight Shorts M Cerulean | Black
125.00435,Lightweight Shorts,Apparel,2022-02-17T00:00:00Z,Performance Running,Lightweight Shorts M Niagara | Black
125.00680,Lightweight Shorts,Apparel,2022-02-17T00:00:00Z,Performance Running,Lightweight Shorts M Twilight | Black
113.00294,Performance Long-T,Apparel,2021-02-11T00:00:00Z,Performance Running,Performance Long-T M Dark
113.00416,Performance Long-T,Apparel,2022-03-17T00:00:00Z,Performance Running,Performance Long-T M Rock
113.00416,Long-T,Apparel,2022-03-17T00:00:00Z,Performance Running,Performance Long-T M Rock
213.00239,Performance Long-T,Apparel,2021-02-11T00:00:00Z,Performance Running,Performance Long-T W Mineral
213.00241,Performance Long-T,Apparel,2021-02-11T00:00:00Z,Performance Running,Performance Long-T W Black
213.00421,Performance Long-T,Apparel,2022-03-17T00:00:00Z,Performance Running,Performance Long-T W Glacier
213.00421,Long-T,Apparel,2022-03-17T00:00:00Z,Performance Running,Performance Long-T W Glacier
417.01259,Performance Long-T,Apparel,2022-04-28T00:00:00Z,Performance Running,Performance Long-T 2 M Black
407.01252,Performance Long-T,Apparel,2022-04-28T00:00:00Z,Performance Running,Performance Long-T 2 W Black
701.00577,On-T,Apparel,2021-05-20T00:00:00Z,Performance All Day,Swiss Paralympic-T M Auburn
28.99168,Cloud Hi Waterproof,Shoes,2021-10-07T00:00:00Z,Performance All Day,Cloud Hi Waterproof M Rock | Magnet
28.99169,Cloud Hi Waterproof,Shoes,2021-10-07T00:00:00Z,Performance All Day,Cloud Hi Waterproof M Ink | Brown
28.99165,Cloud Hi Waterproof,Shoes,2021-10-07T00:00:00Z,Performance All Day,Cloud Hi Waterproof W Chai | Magnet
28.99166,Cloud Hi Waterproof,Shoes,2021-10-07T00:00:00Z,Performance All Day,Cloud Hi Waterproof W Cocoa | Pebble
28.99167,Cloud Hi Waterproof,Shoes,2021-10-07T00:00:00Z,Performance All Day,Cloud Hi Waterproof W Dust | Navy
19.98781,Cloud,Shoes,2021-05-20T00:00:00Z,Performance All Day,Cloud Swiss Olympic M White | Red
19.98780,Cloud,Shoes,2021-05-20T00:00:00Z,Performance All Day,Cloud Swiss Olympic W White | Red
48.99458,The Roger Advantage,Shoes,2021-02-02T00:00:00Z,Performance All Day,The Roger Advantage M White | Flare
48.99457,The Roger Advantage,Shoes,2021-02-02T00:00:00Z,Performance All Day,The Roger Advantage M White | Midnight
48.99456,The Roger Advantage,Shoes,2021-02-02T00:00:00Z,Performance All Day,The Roger Advantage M All White
48.99455,The Roger Advantage,Shoes,2021-02-02T00:00:00Z,Performance All Day,The Roger Advantage M White | Cobalt
48.99151,The Roger Advantage,Shoes,2021-06-01T00:00:00Z,Performance All Day,The Roger Advantage M White | Mulberry
48.99152,The Roger Advantage,Shoes,2021-06-01T00:00:00Z,Performance All Day,The Roger Advantage M White | Eucalyptus
48.99153,The Roger Advantage,Shoes,2021-06-01T00:00:00Z,Performance All Day,The Roger Advantage M White | Rock
48.98962,The Roger Advantage,Shoes,2022-03-22T00:00:00Z,Performance All Day,THE ROGER Advantage M White | Canyon
48.98963,The Roger Advantage,Shoes,2022-03-22T00:00:00Z,Performance All Day,THE ROGER Advantage M White | Reseda
48.99454,The Roger Advantage,Shoes,2021-02-02T00:00:00Z,Performance All Day,The Roger Advantage W White | Rose
48.99453,The Roger Advantage,Shoes,2021-02-02T00:00:00Z,Performance All Day,The Roger Advantage W White | Juniper
48.99452,The Roger Advantage,Shoes,2021-02-02T00:00:00Z,Performance All Day,The Roger Advantage W All White
48.99451,The Roger Advantage,Shoes,2021-02-02T00:00:00Z,Performance All Day,The Roger Advantage W White | Midnight
48.99147,The Roger Advantage,Shoes,2021-06-01T00:00:00Z,Performance All Day,The Roger Advantage W White | Dustrose
48.99148,The Roger Advantage,Shoes,2021-06-01T00:00:00Z,Performance All Day,The Roger Advantage W White | Nimbus
48.99149,The Roger Advantage,Shoes,2021-06-01T00:00:00Z,Performance All Day,The Roger Advantage W White | Sand
48.98959,The Roger Advantage,Shoes,2022-03-22T00:00:00Z,Performance All Day,THE ROGER Advantage W White | Lily
48.98958,The Roger Advantage,Shoes,2022-03-22T00:00:00Z,Performance All Day,THE ROGER Advantage W White | Hay
48.99389,The Roger Clubhouse,Shoes,2021-05-13T00:00:00Z,Performance All Day,The Roger Clubhouse M Orange | White
48.99436,The Roger Clubhouse,Shoes,2021-03-02T00:00:00Z,Performance All Day,The Roger Clubhouse M All White
48.99435,The Roger Clubhouse,Shoes,2021-03-02T00:00:00Z,Performance All Day,The Roger Clubhouse M Black | White
48.99407,The Roger Clubhouse,Shoes,2021-09-02T00:00:00Z,Performance All Day,The Roger Clubhouse M Glacier | White
48.99388,The Roger Clubhouse,Shoes,2021-05-13T00:00:00Z,Performance All Day,The Roger Clubhouse M Forest | Pearl
48.99143,The Roger Clubhouse,Shoes,2021-08-03T00:00:00Z,Performance All Day,The Roger Clubhouse M White | Bronze
48.99144,The Roger Clubhouse,Shoes,2021-09-02T00:00:00Z,Performance All Day,The Roger Clubhouse M White | Sand
48.99145,The Roger Clubhouse,Shoes,2022-01-13T00:00:00Z,Performance All Day,The Roger Clubhouse M Almond | Sand
48.99146,The Roger Clubhouse,Shoes,2021-09-02T00:00:00Z,Performance All Day,The Roger Clubhouse M Metal | Black
48.98739,The Roger Clubhouse,Shoes,2022-01-13T00:00:00Z,Performance All Day,THE ROGER Clubhouse M Black |Indigo
48.98738,The Roger Clubhouse,Shoes,2022-01-13T00:00:00Z,Performance All Day,THE ROGER Clubhouse M White |Indigo
48.99429,The Roger Clubhouse,Shoes,2021-03-02T00:00:00Z,Performance All Day,The Roger Clubhouse W All White
48.99428,The Roger Clubhouse,Shoes,2021-03-02T00:00:00Z,Performance All Day,The Roger Clubhouse W Black | White
48.99406,The Roger Clubhouse,Shoes,2021-09-02T00:00:00Z,Performance All Day,The Roger Clubhouse W Glacier | White
48.99371,The Roger Clubhouse,Shoes,2021-05-13T00:00:00Z,Performance All Day,The Roger Clubhouse W Yellow | White
48.99369,The Roger Clubhouse,Shoes,2021-05-13T00:00:00Z,Performance All Day,The Roger Clubhouse W Cobalt | Pearl
48.99138,The Roger Clubhouse,Shoes,2021-08-03T00:00:00Z,Performance All Day,The Roger Clubhouse W White | Bronze
48.99139,The Roger Clubhouse,Shoes,2021-09-02T00:00:00Z,Performance All Day,The Roger Clubhouse W Rose | White
48.99141,The Roger Clubhouse,Shoes,2021-09-02T00:00:00Z,Performance All Day,The Roger Clubhouse W White | Sand
48.99142,The Roger Clubhouse,Shoes,2022-01-13T00:00:00Z,Performance All Day,The Roger Clubhouse W Almond | Sand
48.99142,The Roger Clubhouse,Shoes,2021-11-04T00:00:00Z,Performance All Day,The Roger Clubhouse W Almond | Sand
48.98735,The Roger Clubhouse,Shoes,2022-01-13T00:00:00Z,Performance All Day,THE ROGER Clubhouse W Black | Lavender
48.98737,The Roger Clubhouse,Shoes,2022-01-13T00:00:00Z,Performance All Day,THE ROGER Clubhouse W White | Indigo
809.00583,Hoodie,Apparel,2021-05-20T00:00:00Z,Performance All Day,CH Paralympic Hoodie W Redwood
25.99081,Cloudflow,Shoes,2021-07-08T00:00:00Z,Performance Running,Cloudflow Team Norge M Rust | Eclipse
25.99079,Cloudflow,Shoes,2021-07-08T00:00:00Z,Performance Running,Cloudflow Team Norge W Rust | White
23.99549,Cloudrock Waterproof,Shoes,2021-03-18T00:00:00Z,Performance Outdoor,Cloudrock Waterproof M Pecan | Brown
23.99246,Cloudrock Waterproof,Shoes,2021-09-02T00:00:00Z,Performance Outdoor,Cloudrock Waterproof M Rock | Eclipse
23.99047,Cloudrock Waterproof,Shoes,2022-04-14T00:00:00Z,Performance Outdoor,Cloudrock Waterproof M Kelp | Lead
23.99548,Cloudrock Waterproof,Shoes,2021-03-18T00:00:00Z,Performance Outdoor,Cloudrock Waterproof W Desert | Clay
23.99245,Cloudrock Waterproof,Shoes,2021-10-07T00:00:00Z,Performance Outdoor,Cloudrock Waterproof W Olive | Reed
23.99046,Cloudrock Waterproof,Shoes,2022-04-14T00:00:00Z,Performance Outdoor,Cloudrock Waterproof W Mineral | Kelp
709.00562,Hoodie,Apparel,2021-05-20T00:00:00Z,Performance All Day,Swiss Olympic Hoodie M Redwood
809.00563,Hoodie,Apparel,2021-05-20T00:00:00Z,Performance All Day,Swiss Olympic Hoodie W Redwood
713.00559,Long-T,Apparel,2021-05-20T00:00:00Z,Performance All Day,Swiss Olympic Long-T M Chestnut | Auburn
813.00561,Long-T,Apparel,2021-05-20T00:00:00Z,Performance All Day,Swiss Olympic Long-T W Chestnut | Auburn
701.00601,On-T,Apparel,2021-05-20T00:00:00Z,Performance All Day,Swiss Olympic Team-T M Auburn
801.00602,On-T,Apparel,2021-05-20T00:00:00Z,Performance All Day,Swiss Olympic Team-T W Auburn
21.99221,Cloudflyer Waterproof,Shoes,2021-09-02T00:00:00Z,Performance Running,Cloudflyer Waterproof M Sea | Glacier
21.99219,Cloudflyer Waterproof,Shoes,2021-09-02T00:00:00Z,Performance Running,Cloudflyer Waterproof W Sea | Glacier
43.98707,Cloudrock Waterproof,Shoes,2022-01-12T00:00:00Z,Performance Outdoor,Cloudrock Team Norway W Natural | Gold
43.98708,Cloudrock Waterproof,Shoes,2022-01-12T00:00:00Z,Performance Outdoor,Cloudrock Team Norway M Natural | Gold
41.99463,Cloudswift Edge Prism,Shoes,2021-04-22T00:00:00Z,Performance All Day,Cloudswift Edge Prism M Aurora
41.99461,Cloudswift Edge Prism,Shoes,2021-04-22T00:00:00Z,Performance All Day,Cloudswift Edge Prism W Aurora
722.00575,Polo,Apparel,2021-05-20T00:00:00Z,Performance All Day,Swiss Paralympic Polo M Redwood
822.00576,Polo,Apparel,2021-05-20T00:00:00Z,Performance All Day,Swiss Paralympic Polo W Redwood
19.99085,Cloud,Shoes,2021-05-20T00:00:00Z,Performance All Day,Cloud Swiss Paralympic M White | Red
19.99084,Cloud,Shoes,2021-05-20T00:00:00Z,Performance All Day,Cloud Swiss Paralympic W White | Red
905.10213,Low Sock,Accessories,2021-05-20T00:00:00Z,Performance Running,Swiss Olympic Low Sock M Red | White
906.10214,Low Sock,Accessories,2021-05-20T00:00:00Z,Performance Running,Swiss Olympic Low Sock W Red | White
48.98746,The Roger Advantage,Shoes,2021-09-01T00:00:00Z,Performance All Day,THE ROGER Advantage LC M White | Black
48.98745,The Roger Advantage,Shoes,2021-09-01T00:00:00Z,Performance All Day,THE ROGER Advantage LC W White | Black
48.99438,The Roger Centre Court,Shoes,2021-02-02T00:00:00Z,Performance All Day,The Roger Centre Court M White | Gum
48.99449,The Roger Centre Court,Shoes,2021-02-02T00:00:00Z,Performance All Day,The Roger Centre Court M Ice | Phantom
48.99448,The Roger Centre Court,Shoes,2021-02-02T00:00:00Z,Performance All Day,The Roger Centre Court M White | Jungle
48.99156,The Roger Centre Court,Shoes,2021-06-01T00:00:00Z,Performance All Day,The Roger Centre Court M White | Flame
48.99157,The Roger Centre Court,Shoes,2021-06-01T00:00:00Z,Performance All Day,The Roger Centre Court M White | Indigo
48.98974,The Roger Centre Court,Shoes,2022-05-19T00:00:00Z,Performance All Day,The Roger Centre Court M White | Surf
48.99437,The Roger Centre Court,Shoes,2021-02-02T00:00:00Z,Performance All Day,The Roger Centre Court W White | Gum
48.99446,The Roger Centre Court,Shoes,2021-02-02T00:00:00Z,Performance All Day,The Roger Centre Court W Ice | Chalk
48.99444,The Roger Centre Court,Shoes,2021-02-02T00:00:00Z,Performance All Day,The Roger Centre Court W White | Sienna
48.99154,The Roger Centre Court,Shoes,2021-06-01T00:00:00Z,Performance All Day,The Roger Centre Court W White | Flame
48.99155,The Roger Centre Court,Shoes,2021-06-01T00:00:00Z,Performance All Day,The Roger Centre Court W White | Indigo
48.98972,The Roger Centre Court,Shoes,2022-05-19T00:00:00Z,Performance All Day,The Roger Centre Court W White | Lily
19.99112,Cloud,Shoes,2021-05-20T00:00:00Z,Performance All Day,Cloud Swiss Olympic Ath M White | Red
19.99111,Cloud,Shoes,2021-05-20T00:00:00Z,Performance All Day,Cloud Swiss Olympic Ath W White | Red
25.99087,Cloudflow,Shoes,2021-07-08T00:00:00Z,Performance Running,Cloudflow CH Paralympic M Rust | Eclipse
25.99086,Cloudflow,Shoes,2021-07-08T00:00:00Z,Performance Running,Cloudflow CH Paralympic W Rust | White
25.99107,Cloudflow,Shoes,2021-07-08T00:00:00Z,Performance Running,Cloudflow Swiss Olympic M Rust | Eclipse
25.99106,Cloudflow,Shoes,2021-07-08T00:00:00Z,Performance Running,Cloudflow Swiss Olympic W Rust | White
22.99552,Cloudventure Waterproof,Shoes,2021-03-18T00:00:00Z,Performance Outdoor,Cloudventure Waterproof M White | Fir
22.99551,Cloudventure Waterproof,Shoes,2021-03-18T00:00:00Z,Performance Outdoor,Cloudventure Waterproof W White | Dawn
32.99251,Cloudventure Waterproof,Shoes,2021-09-14T00:00:00Z,Performance Outdoor,Cloudventure Waterproof M Glacier | Black
32.99252,Cloudventure Waterproof,Shoes,2021-09-14T00:00:00Z,Performance Outdoor,Cloudventure Waterproof M Pecan | Lead
32.99253,Cloudventure Waterproof,Shoes,2021-09-14T00:00:00Z,Performance Outdoor,Cloudventure Waterproof M Black
32.99049,Cloudventure,Shoes,2022-04-14T00:00:00Z,Performance Outdoor,Cloudventure Waterproof M Denim | Midnight
32.99247,Cloudventure Waterproof,Shoes,2021-09-14T00:00:00Z,Performance Outdoor,Cloudventure Waterproof W Glacier | Black
32.99248,Cloudventure Waterproof,Shoes,2021-09-14T00:00:00Z,Performance Outdoor,Cloudventure Waterproof W Ruby | Magnet
32.99249,Cloudventure Waterproof,Shoes,2021-09-14T00:00:00Z,Performance Outdoor,Cloudventure Waterproof W Black
32.99048,Cloudventure,Shoes,2022-04-14T00:00:00Z,Performance Outdoor,Cloudventure Waterproof W Denim | Midnight
781.00552,On-T,Apparel,2021-05-20T00:00:00Z,Performance All Day,Swiss Olympic Graphic-T M White
781.00603,On-T,Apparel,2021-05-20T00:00:00Z,Performance All Day,Swiss Olympic Graphic-T M Redwood
881.00554,On-T,Apparel,2021-05-20T00:00:00Z,Performance All Day,Swiss Olympic Graphic-T W White
915.10217,High Sock,Accessories,2021-05-20T00:00:00Z,Performance Running,Swiss Olympic High Sock M Red | White
916.10218,High Sock,Accessories,2021-05-20T00:00:00Z,Performance Running,Swiss Olympic High Sock W Red | White
709.00582,Hoodie,Apparel,2021-05-20T00:00:00Z,Performance All Day,Swiss Paralympic Hoodie M Redwood
713.00579,Long-T,Apparel,2021-05-20T00:00:00Z,Performance All Day,Swiss Paralympic Long-T M Chestnut | Auburn
813.00581,Long-T,Apparel,2021-05-20T00:00:00Z,Performance All Day,Swiss Paralympic Long-T W Chestnut | Auburn
48.99083,The Roger Centre Court,Shoes,2021-05-20T00:00:00Z,Performance All Day,THE ROGER CH Paralympic M White | Red
48.99082,The Roger Centre Court,Shoes,2021-05-20T00:00:00Z,Performance All Day,THE ROGER CH Paralympic W White | Rose
28.99101,Cloud Hi Edge Stone Pine,Shoes,2021-12-21T00:00:00Z,Performance All Day,Cloud Hi Edge Stone Pine M Jungle | Forest
28.99099,Cloud Hi Edge Stone Pine,Shoes,2021-12-21T00:00:00Z,Performance All Day,Cloud Hi Edge Stone Pine W Jungle | Forest
712.00573,Performance-T,Apparel,2021-05-20T00:00:00Z,Performance Running,Paralympic Performance-T M Chestnut | Auburn
812.00574,Performance-T,Apparel,2021-05-20T00:00:00Z,Performance Running,Paralympic Performance-T W Chestnut | Auburn
913.10221,Sweat Band,Accessories,2021-05-20T00:00:00Z,Performance All Day,Swiss Olympic Sweat Band U Red
877.00599,Active Tights,Apparel,2021-05-20T00:00:00Z,Performance Outdoor,Swiss Team Active Tights W Mulberry
715.00598,Hybrid Shorts,Apparel,2021-05-20T00:00:00Z,Performance Running,Swiss Team Hybrid Shorts M Mulberry
48.99109,The Roger Centre Court,Shoes,2021-05-20T00:00:00Z,Performance All Day,THE ROGER CH Olympic Ath M White | Red
48.99108,The Roger Centre Court,Shoes,2021-05-20T00:00:00Z,Performance All Day,THE ROGER CH Olympic Ath W White | Rose
766.00587,Track Pants,Apparel,2021-05-20T00:00:00Z,Performance Running,CH Paralympic Track Pants M Mulberry
866.00588,Track Pants,Apparel,2021-05-20T00:00:00Z,Performance Running,CH Paralympic Track Pants W Mulberry
846.00572,Sweat Pants,Apparel,2021-05-20T00:00:00Z,Performance All Day,Swiss Olympic Sweat Pants W Mulberry
709.00596,Hoodie,Apparel,2021-05-20T00:00:00Z,Performance All Day,Swiss Olympic Team Hoodie M Redwood
809.00597,Hoodie,Apparel,2021-05-20T00:00:00Z,Performance All Day,Swiss Olympic Team Hoodie W Redwood
766.00567,Track Pants,Apparel,2021-05-20T00:00:00Z,Performance Running,Swiss Olympic Track Pants M Mulberry
48.98744,The Roger Centre Court,Shoes,2021-07-01T00:00:00Z,Performance All Day,The Roger Centre Court JP M White | Red
48.98743,The Roger Centre Court,Shoes,2021-07-01T00:00:00Z,Performance All Day,The Roger Centre Court JP W White | Red
736.00589,Active Pants,Apparel,2021-05-20T00:00:00Z,Performance All Day,CH Paralympic Active Pants M Mulberry
755.00555,Sweat Shorts,Apparel,2021-05-20T00:00:00Z,Performance All Day,Swiss Olympic Sweat Shorts M Mulberry
825.00592,Active Shorts,Apparel,2021-05-20T00:00:00Z,Performance All Day,CH Paralympic Active Shorts W Mulberry
877.00593,Active Tights,Apparel,2021-05-20T00:00:00Z,Performance Running,CH Paralympic Active Tights W Mulberry
715.00586,Hybrid Shorts,Apparel,2021-05-20T00:00:00Z,Performance Running,CH Paralympic Hybrid Shorts M Mulberry
825.00569,Active Shorts,Apparel,2021-05-20T00:00:00Z,Performance All Day,Swiss Olympic Active Shorts W Mulberry
877.00571,Active Tights,Apparel,2021-05-20T00:00:00Z,Performance Running,Swiss Olympic Active Tights W Mulberry
715.00566,Hybrid Shorts,Apparel,2021-05-20T00:00:00Z,Performance Running,Swiss Olympic Hybrid Shorts M Mulberry
712.00551,Performance-T,Apparel,2021-05-20T00:00:00Z,Performance Running,Swiss Olympic Performance-T M Chestnut | Auburn
812.00553,Performance-T,Apparel,2021-05-20T00:00:00Z,Performance Running,Swiss Olympic Performance-T W Chestnut | Auburn
714.00584,Weather-Jacket,Apparel,2021-05-20T00:00:00Z,Performance Running,CH Paralympic Weather Jacket M Chestnut | Auburn
714.00584,Weather Jacket,Apparel,2021-05-20T00:00:00Z,Performance Running,CH Paralympic Weather Jacket M Chestnut | Auburn
814.00585,Weather-Jacket,Apparel,2021-05-20T00:00:00Z,Performance Running,CH Paralympic Weather Jacket W Chestnut | Auburn
814.00585,Weather Jacket,Apparel,2021-05-20T00:00:00Z,Performance Running,CH Paralympic Weather Jacket W Chestnut | Auburn
714.00564,Weather-Jacket,Apparel,2021-05-20T00:00:00Z,Performance Running,Swiss Olympic Weather Jacket M Chestnut | Auburn
714.00564,Weather Jacket,Apparel,2021-05-20T00:00:00Z,Performance Running,Swiss Olympic Weather Jacket M Chestnut | Auburn
814.00565,Weather-Jacket,Apparel,2021-05-20T00:00:00Z,Performance Running,Swiss Olympic Weather Jacket W Chestnut | Auburn
814.00565,Weather Jacket,Apparel,2021-05-20T00:00:00Z,Performance Running,Swiss Olympic Weather Jacket W Chestnut | Auburn
931.10224,Lightweight-Cap,Accessories,2021-05-20T00:00:00Z,Performance Running,Swiss Olympic Lightweight Cap U Mulberry
931.10225,Lightweight-Cap,Accessories,2021-05-20T00:00:00Z,Performance Running,Swiss Olympic Lightweight Cap U Red
836.00591,Lightweight Pants,Apparel,2021-05-20T00:00:00Z,Performance Running,CH Paralympic Lightweight Pants W Mulberry
836.00568,Lightweight Pants,Apparel,2021-05-20T00:00:00Z,Performance Running,Swiss Olympic Lightweight Pants W Mulberry
48.99076,The Roger Advantage,Shoes,2021-05-20T00:00:00Z,Performance All Day,THE ROGER Advantage Swiss Olympic M White | Red
48.99075,The Roger Centre Court,Shoes,2021-05-20T00:00:00Z,Performance All Day,THE ROGER Advantage Swiss Olympic W White | Rose